{
  "_fv": 57,
  "_type": "recipe",
  "definition": {
    "recipeType": "Crafting",
    "recipeRetstackSize": 1,
    "group": "phantomfuel",
    "cookingBookCategory": "MISC",
    "xpReward": 0.0,
    "cookingTime": 200,
    "craftingBookCategory": "MISC",
    "recipeShapeless": false,
    "recipeSlots": [
      {
        "value": "Items.PHANTOM_MEMBRANE"
      },
      {
        "value": "Items.IRON_INGOT"
      },
      {
        "value": "Items.PHANTOM_MEMBRANE"
      },
      {
        "value": "Items.GOLD_INGOT"
      },
      {
        "value": "Items.PHANTOM_MEMBRANE"
      },
      {
        "value": "Items.GOLD_INGOT"
      },
      {
        "value": "Blocks.STONE"
      },
      {
        "value": "Items.PHANTOM_MEMBRANE"
      },
      {
        "value": "Blocks.STONE"
      }
    ],
    "recipeReturnStack": {
      "value": "CUSTOM:PhantomFuelRod"
    },
    "name": "phantomfuelrodrecipe",
    "namespace": "mod"
  }
}